SPECIES,X,Y
Lacerta_schreiberi,-7.317719,39.331613
Lacerta_schreiberi,-7.315555,39.421679
Lacerta_schreiberi,-7.204053,39.239817
Lacerta_schreiberi,-6.711343,40.132044
Lacerta_schreiberi,-9.183864,42.946721
Lacerta_schreiberi,-9.184132,43.036769
Lacerta_schreiberi,-9.061289,42.946853
Lacerta_schreiberi,-9.061378,43.036901
Lacerta_schreiberi,-9.061468,43.126948
Lacerta_schreiberi,-9.060935,42.586646
Lacerta_schreiberi,-9.061111,42.766752
Lacerta_schreiberi,-9.0612,42.856803
Lacerta_schreiberi,-8.818757,42.046165
Lacerta_schreiberi,-8.818501,42.136227
Lacerta_schreiberi,-8.817984,42.316347
Lacerta_schreiberi,-8.697502,42.135972
Lacerta_schreiberi,-8.697072,42.226032
Lacerta_schreiberi,-8.696641,42.31609
Lacerta_schreiberi,-8.696207,42.406147
Lacerta_schreiberi,-8.576505,42.135589
Lacerta_schreiberi,-8.575299,42.315705
Lacerta_schreiberi,-8.574693,42.405761
Lacerta_schreiberi,-8.454738,42.225136
Lacerta_schreiberi,-8.453961,42.315191
Lacerta_schreiberi,-8.453179,42.405245
Lacerta_schreiberi,-8.819013,41.956101
Lacerta_schreiberi,-8.335461,42.044384
Lacerta_schreiberi,-8.332626,42.314549
Lacerta_schreiberi,-8.331674,42.40462
Lacerta_schreiberi,-8.214646,42.043621
Lacerta_schreiberi,-8.213534,42.133675
Lacerta_schreiberi,-8.212417,42.223728
Lacerta_schreiberi,-8.211295,42.313779
Lacerta_schreiberi,-8.210168,42.403829
Lacerta_schreiberi,-8.093835,42.042731
Lacerta_schreiberi,-8.092553,42.132782
Lacerta_schreiberi,-8.091264,42.222832
Lacerta_schreiberi,-7.973031,42.041713
Lacerta_schreiberi,-7.971577,42.131761
Lacerta_schreiberi,-7.970117,42.221808
Lacerta_schreiberi,-7.96865,42.311853
Lacerta_schreiberi,-7.850609,42.130613
Lacerta_schreiberi,-7.848977,42.220656
Lacerta_schreiberi,-7.847338,42.310698
Lacerta_schreiberi,-7.845691,42.400738
Lacerta_schreiberi,-8.216854,41.863508
Lacerta_schreiberi,-8.215752,41.953565
Lacerta_schreiberi,-8.097648,41.772568
Lacerta_schreiberi,-8.096383,41.862624
Lacerta_schreiberi,-8.095112,41.952678
Lacerta_schreiberi,-7.975918,41.861613
Lacerta_schreiberi,-7.974478,41.951664
Lacerta_schreiberi,-7.85546,41.860475
Lacerta_schreiberi,-7.85385,41.950523
Lacerta_schreiberi,-8.938713,42.946853
Lacerta_schreiberi,-8.938624,43.036901
Lacerta_schreiberi,-8.938534,43.126948
Lacerta_schreiberi,-8.938443,43.216993
Lacerta_schreiberi,-8.938352,43.307037
Lacerta_schreiberi,-8.815869,43.036769
Lacerta_schreiberi,-8.815599,43.126816
Lacerta_schreiberi,-8.815328,43.216861
Lacerta_schreiberi,-8.815056,43.306904
Lacerta_schreiberi,-8.692666,43.126552
Lacerta_schreiberi,-8.692215,43.216596
Lacerta_schreiberi,-8.570992,42.946065
Lacerta_schreiberi,-8.570365,43.036111
Lacerta_schreiberi,-8.569736,43.126155
Lacerta_schreiberi,-8.569103,43.216198
Lacerta_schreiberi,-8.568468,43.30624
Lacerta_schreiberi,-8.448423,42.94554
Lacerta_schreiberi,-8.447617,43.035584
Lacerta_schreiberi,-8.446808,43.125627
Lacerta_schreiberi,-8.445995,43.215668
Lacerta_schreiberi,-8.445178,43.305708
Lacerta_schreiberi,-8.939067,42.586646
Lacerta_schreiberi,-8.938979,42.6767
Lacerta_schreiberi,-8.938891,42.766752
Lacerta_schreiberi,-8.938802,42.856803
Lacerta_schreiberi,-8.817463,42.496461
Lacerta_schreiberi,-8.816936,42.676569
Lacerta_schreiberi,-8.816405,42.856672
Lacerta_schreiberi,-8.695772,42.496203
Lacerta_schreiberi,-8.695334,42.586257
Lacerta_schreiberi,-8.694895,42.676309
Lacerta_schreiberi,-8.694453,42.766361
Lacerta_schreiberi,-8.574083,42.495815
Lacerta_schreiberi,-8.57347,42.585868
Lacerta_schreiberi,-8.572237,42.765969
Lacerta_schreiberi,-8.571616,42.856018
Lacerta_schreiberi,-8.450818,42.675399
Lacerta_schreiberi,-8.450023,42.765448
Lacerta_schreiberi,-8.325858,42.944884
Lacerta_schreiberi,-8.323884,43.124967
Lacerta_schreiberi,-8.32289,43.215006
Lacerta_schreiberi,-8.321891,43.305044
Lacerta_schreiberi,-8.200964,43.124174
Lacerta_schreiberi,-8.199789,43.214211
Lacerta_schreiberi,-8.079399,43.033215
Lacerta_schreiberi,-8.07805,43.12325
Lacerta_schreiberi,-8.076695,43.213284
Lacerta_schreiberi,-8.075333,43.303316
Lacerta_schreiberi,-7.958192,42.942128
Lacerta_schreiberi,-7.95667,43.032162
Lacerta_schreiberi,-7.953608,43.212243
Lacerta_schreiberi,-7.952063,43.302253
Lacerta_schreiberi,-7.83565,42.940947
Lacerta_schreiberi,-7.832242,43.121025
Lacerta_schreiberi,-7.830523,43.211032
Lacerta_schreiberi,-7.8288,43.301057
Lacerta_schreiberi,-8.330713,42.494652
Lacerta_schreiberi,-8.329752,42.584701
Lacerta_schreiberi,-8.327814,42.764796
Lacerta_schreiberi,-8.209036,42.493877
Lacerta_schreiberi,-8.207899,42.583924
Lacerta_schreiberi,-8.206756,42.673969
Lacerta_schreiberi,-8.205608,42.764013
Lacerta_schreiberi,-8.204455,42.854056
Lacerta_schreiberi,-8.087363,42.492973
Lacerta_schreiberi,-7.961215,42.762057
Lacerta_schreiberi,-7.959707,42.852093
Lacerta_schreiberi,-7.842375,42.580814
Lacerta_schreiberi,-7.839028,42.760883
Lacerta_schreiberi,-8.320888,43.39508
Lacerta_schreiberi,-8.318868,43.575148
Lacerta_schreiberi,-8.197424,43.39428
Lacerta_schreiberi,-8.195037,43.574343
Lacerta_schreiberi,-8.073965,43.393347
Lacerta_schreiberi,-8.072591,43.483376
Lacerta_schreiberi,-8.071211,43.573404
Lacerta_schreiberi,-8.069824,43.663431
Lacerta_schreiberi,-7.950513,43.39228
Lacerta_schreiberi,-7.948956,43.482307
Lacerta_schreiberi,-7.947391,43.572331
Lacerta_schreiberi,-7.94582,43.662354
Lacerta_schreiberi,-7.944241,43.752376
Lacerta_schreiberi,-7.827068,43.391081
Lacerta_schreiberi,-7.825328,43.481103
Lacerta_schreiberi,-7.821823,43.661143
Lacerta_schreiberi,-7.820058,43.751161
Lacerta_schreiberi,-6.825755,40.224332
Lacerta_schreiberi,-6.822869,40.314358
Lacerta_schreiberi,-6.708315,40.222065
Lacerta_schreiberi,-6.705274,40.312084
Lacerta_schreiberi,-6.702218,40.402101
Lacerta_schreiberi,-7.731443,42.039297
Lacerta_schreiberi,-7.727844,42.219377
Lacerta_schreiberi,-7.726032,42.309414
Lacerta_schreiberi,-7.61066,42.037898
Lacerta_schreiberi,-7.604735,42.308002
Lacerta_schreiberi,-7.602742,42.398034
Lacerta_schreiberi,-7.489887,42.036373
Lacerta_schreiberi,-7.48775,42.126404
Lacerta_schreiberi,-7.485604,42.216434
Lacerta_schreiberi,-7.481281,42.396489
Lacerta_schreiberi,-7.369124,42.03472
Lacerta_schreiberi,-7.366816,42.124746
Lacerta_schreiberi,-7.364498,42.21477
Lacerta_schreiberi,-7.36217,42.304794
Lacerta_schreiberi,-7.245893,42.122961
Lacerta_schreiberi,-7.243403,42.21298
Lacerta_schreiberi,-7.240902,42.302997
Lacerta_schreiberi,-7.23839,42.393013
Lacerta_schreiberi,-7.735009,41.859212
Lacerta_schreiberi,-7.614566,41.857822
Lacerta_schreiberi,-7.612617,41.947861
Lacerta_schreiberi,-7.494132,41.856305
Lacerta_schreiberi,-7.492014,41.94634
Lacerta_schreiberi,-7.373707,41.854663
Lacerta_schreiberi,-7.371421,41.944692
Lacerta_schreiberi,-7.253293,41.852894
Lacerta_schreiberi,-7.250837,41.942918
Lacerta_schreiberi,-7.127629,42.031033
Lacerta_schreiberi,-7.12498,42.121048
Lacerta_schreiberi,-7.12232,42.211061
Lacerta_schreiberi,-7.006899,42.029
Lacerta_schreiberi,-7.00408,42.119008
Lacerta_schreiberi,-7.001248,42.209014
Lacerta_schreiberi,-6.998403,42.299019
Lacerta_schreiberi,-6.995545,42.389023
Lacerta_schreiberi,-6.886182,42.026839
Lacerta_schreiberi,-6.883193,42.11684
Lacerta_schreiberi,-6.88019,42.20684
Lacerta_schreiberi,-6.877172,42.296838
Lacerta_schreiberi,-6.874142,42.386835
Lacerta_schreiberi,-6.762319,42.114546
Lacerta_schreiberi,-6.759145,42.204538
Lacerta_schreiberi,-6.755956,42.294529
Lacerta_schreiberi,-6.64479,42.022137
Lacerta_schreiberi,-6.64146,42.112124
Lacerta_schreiberi,-6.638115,42.202109
Lacerta_schreiberi,-6.634754,42.292092
Lacerta_schreiberi,-7.130266,41.941017
Lacerta_schreiberi,-7.009706,41.93899
Lacerta_schreiberi,-6.889158,41.936836
Lacerta_schreiberi,-6.768625,41.934556
Lacerta_schreiberi,-6.648106,41.932149
Lacerta_schreiberi,-7.713115,42.939635
Lacerta_schreiberi,-7.711236,43.029661
Lacerta_schreiberi,-7.709348,43.119685
Lacerta_schreiberi,-7.707451,43.209707
Lacerta_schreiberi,-7.705545,43.299728
Lacerta_schreiberi,-7.59059,42.938192
Lacerta_schreiberi,-7.588531,43.028213
Lacerta_schreiberi,-7.586464,43.118232
Lacerta_schreiberi,-7.584386,43.20825
Lacerta_schreiberi,-7.463589,43.116648
Lacerta_schreiberi,-7.340725,43.114932
Lacerta_schreiberi,-7.223072,42.933076
Lacerta_schreiberi,-7.220478,43.023081
Lacerta_schreiberi,-7.722384,42.489485
Lacerta_schreiberi,-7.720547,42.579518
Lacerta_schreiberi,-7.718702,42.669549
Lacerta_schreiberi,-7.714986,42.849608
Lacerta_schreiberi,-7.60074,42.488064
Lacerta_schreiberi,-7.472516,42.756581
Lacerta_schreiberi,-7.352748,42.66487
Lacerta_schreiberi,-7.235866,42.483027
Lacerta_schreiberi,-7.233331,42.57304
Lacerta_schreiberi,-7.230784,42.663051
Lacerta_schreiberi,-7.228225,42.753061
Lacerta_schreiberi,-7.100589,42.931108
Lacerta_schreiberi,-7.097816,43.021107
Lacerta_schreiberi,-7.09503,43.111104
Lacerta_schreiberi,-7.092232,43.2011
Lacerta_schreiberi,-7.08942,43.291094
Lacerta_schreiberi,-6.978118,42.92901
Lacerta_schreiberi,-6.975167,43.019002
Lacerta_schreiberi,-6.972202,43.108993
Lacerta_schreiberi,-6.969223,43.198982
Lacerta_schreiberi,-6.966231,43.288969
Lacerta_schreiberi,-6.855662,42.92678
Lacerta_schreiberi,-6.852532,43.016766
Lacerta_schreiberi,-6.849388,43.10675
Lacerta_schreiberi,-6.846229,43.196732
Lacerta_schreiberi,-6.843055,43.286712
Lacerta_schreiberi,-6.733219,42.92442
Lacerta_schreiberi,-6.729911,43.014398
Lacerta_schreiberi,-6.610792,42.921929
Lacerta_schreiberi,-6.607305,43.011899
Lacerta_schreiberi,-6.600284,43.191835
Lacerta_schreiberi,-6.596749,43.2818
Lacerta_schreiberi,-7.111554,42.571097
Lacerta_schreiberi,-7.108831,42.661102
Lacerta_schreiberi,-7.103349,42.841108
Lacerta_schreiberi,-6.989789,42.569025
Lacerta_schreiberi,-6.983981,42.74902
Lacerta_schreiberi,-6.981056,42.839016
Lacerta_schreiberi,-6.871097,42.47683
Lacerta_schreiberi,-6.864965,42.656815
Lacerta_schreiberi,-6.861878,42.746805
Lacerta_schreiberi,-6.858777,42.836794
Lacerta_schreiberi,-6.73979,42.74446
Lacerta_schreiberi,-6.736512,42.834441
Lacerta_schreiberi,-6.627986,42.472054
Lacerta_schreiberi,-6.624578,42.562032
Lacerta_schreiberi,-6.621155,42.652009
Lacerta_schreiberi,-6.617717,42.741984
Lacerta_schreiberi,-6.614262,42.831957
Lacerta_schreiberi,-7.701708,43.479766
Lacerta_schreiberi,-7.697834,43.659798
Lacerta_schreiberi,-7.695884,43.749812
Lacerta_schreiberi,-7.575981,43.568308
Lacerta_schreiberi,-7.452195,43.566698
Lacerta_schreiberi,-7.333377,43.384951
Lacerta_schreiberi,-7.086596,43.381087
Lacerta_schreiberi,-7.083758,43.471078
Lacerta_schreiberi,-7.080907,43.561067
Lacerta_schreiberi,-6.960204,43.46894
Lacerta_schreiberi,-6.95717,43.558922
Lacerta_schreiberi,-6.839867,43.376691
Lacerta_schreiberi,-6.83667,43.466668
Lacerta_schreiberi,-6.586046,43.551685
Lacerta_schreiberi,-6.590889,40.219679
Lacerta_schreiberi,-6.587692,40.30969
Lacerta_schreiberi,-6.58448,40.3997
Lacerta_schreiberi,-6.470124,40.307178
Lacerta_schreiberi,-6.466757,40.397179
Lacerta_schreiberi,-6.463374,40.48718
Lacerta_schreiberi,-6.352572,40.304545
Lacerta_schreiberi,-6.349048,40.394539
Lacerta_schreiberi,-6.345509,40.484531
Lacerta_schreiberi,-6.227659,40.481762
Lacerta_schreiberi,-6.223946,40.571743
Lacerta_schreiberi,-6.109827,40.478873
Lacerta_schreiberi,-6.105957,40.568845
Lacerta_schreiberi,-6.030374,40.296613
Lacerta_schreiberi,-6.02842,40.386633
Lacerta_schreiberi,-6.026456,40.476651
Lacerta_schreiberi,-6.070326,41.378518
Lacerta_schreiberi,-6.524117,42.019596
Lacerta_schreiberi,-6.520616,42.109575
Lacerta_schreiberi,-6.5171,42.199552
Lacerta_schreiberi,-6.513567,42.289527
Lacerta_schreiberi,-6.510018,42.379501
Lacerta_schreiberi,-6.403459,42.016929
Lacerta_schreiberi,-6.399788,42.106899
Lacerta_schreiberi,-6.396101,42.196867
Lacerta_schreiberi,-6.392397,42.286834
Lacerta_schreiberi,-6.282818,42.014134
Lacerta_schreiberi,-6.279006,42.104095
Lacerta_schreiberi,-6.275119,42.194056
Lacerta_schreiberi,-6.271243,42.284014
Lacerta_schreiberi,-6.158184,42.101166
Lacerta_schreiberi,-6.146053,42.371012
Lacerta_schreiberi,-6.407112,41.926957
Lacerta_schreiberi,-6.286641,41.924171
Lacerta_schreiberi,-6.481034,43.09923
Lacerta_schreiberi,-6.477336,43.189188
Lacerta_schreiberi,-6.365986,42.916555
Lacerta_schreiberi,-6.358283,43.09646
Lacerta_schreiberi,-6.354405,43.18641
Lacerta_schreiberi,-6.239588,43.003616
Lacerta_schreiberi,-6.235549,43.093558
Lacerta_schreiberi,-6.112834,43.090526
Lacerta_schreiberi,-6.108597,43.180457
Lacerta_schreiberi,-6.024674,43.178186
Lacerta_schreiberi,-6.022505,43.268166
Lacerta_schreiberi,-6.506453,42.469473
Lacerta_schreiberi,-6.495659,42.739379
Lacerta_schreiberi,-6.259508,42.553877
Lacerta_schreiberi,-6.12543,42.820721
Lacerta_schreiberi,-6.469887,43.3691
Lacerta_schreiberi,-6.346594,43.366304
Lacerta_schreiberi,-6.338711,43.546192
Lacerta_schreiberi,-6.219205,43.453311
Lacerta_schreiberi,-6.095767,43.45024
Lacerta_schreiberi,-6.09145,43.540164
Lacerta_schreiberi,-5.49702,39.407066
Lacerta_schreiberi,-5.503474,39.587101
Lacerta_schreiberi,-5.380976,39.409501
Lacerta_schreiberi,-5.384046,39.499527
Lacerta_schreiberi,-5.38713,39.589551
Lacerta_schreiberi,-5.967719,40.11662
Lacerta_schreiberi,-5.874866,40.118964
Lacerta_schreiberi,-5.640429,40.124551
Lacerta_schreiberi,-5.523186,40.127166
Lacerta_schreiberi,-5.405929,40.129663
Lacerta_schreiberi,-5.267839,39.501853
Lacerta_schreiberi,-5.270773,39.591884
Lacerta_schreiberi,-4.802885,39.509996
Lacerta_schreiberi,-4.686619,39.511741
Lacerta_schreiberi,-4.688802,39.601805
Lacerta_schreiberi,-4.690995,39.691866
Lacerta_schreiberi,-4.570343,39.513371
Lacerta_schreiberi,-4.572376,39.603439
Lacerta_schreiberi,-4.454058,39.514883
Lacerta_schreiberi,-4.45594,39.604957
Lacerta_schreiberi,-4.337764,39.51628
Lacerta_schreiberi,-4.339496,39.606358
Lacerta_schreiberi,-4.218321,39.337393
Lacerta_schreiberi,-5.288657,40.132041
Lacerta_schreiberi,-5.171372,40.134301
Lacerta_schreiberi,-5.054074,40.136442
Lacerta_schreiberi,-3.973914,38.438594
Lacerta_schreiberi,-3.858282,38.34938
Lacerta_schreiberi,-3.743854,38.350162
Lacerta_schreiberi,-3.28682,38.53241
Lacerta_schreiberi,-5.971615,40.296664
Lacerta_schreiberi,-5.878667,40.208943
Lacerta_schreiberi,-5.882485,40.298921
Lacerta_schreiberi,-5.886321,40.388896
Lacerta_schreiberi,-5.890174,40.47887
Lacerta_schreiberi,-5.894044,40.568843
Lacerta_schreiberi,-5.761302,40.211805
Lacerta_schreiberi,-5.764965,40.301791
Lacerta_schreiberi,-5.768645,40.391776
Lacerta_schreiberi,-5.643921,40.214548
Lacerta_schreiberi,-5.647429,40.304543
Lacerta_schreiberi,-5.650952,40.394536
Lacerta_schreiberi,-5.654492,40.484528
Lacerta_schreiberi,-5.526524,40.217171
Lacerta_schreiberi,-5.529876,40.307175
Lacerta_schreiberi,-5.533244,40.397177
Lacerta_schreiberi,-5.409112,40.219676
Lacerta_schreiberi,-5.412309,40.309688
Lacerta_schreiberi,-5.97752,43.178244
Lacerta_schreiberi,-5.891404,43.180454
Lacerta_schreiberi,-5.756391,42.913669
Lacerta_schreiberi,-5.760412,43.003613
Lacerta_schreiberi,-5.768509,43.183497
Lacerta_schreiberi,-5.641718,43.096457
Lacerta_schreiberi,-5.645596,43.186407
Lacerta_schreiberi,-5.649492,43.276355
Lacerta_schreiberi,-5.515285,43.009267
Lacerta_schreiberi,-5.518966,43.099227
Lacerta_schreiberi,-5.522665,43.189185
Lacerta_schreiberi,-5.52638,43.279142
Lacerta_schreiberi,-5.966785,42.728322
Lacerta_schreiberi,-5.968914,42.818309
Lacerta_schreiberi,-5.866269,42.64084
Lacerta_schreiberi,-5.87041,42.73078
Lacerta_schreiberi,-5.874571,42.820718
Lacerta_schreiberi,-5.748405,42.733775
Lacerta_schreiberi,-5.752389,42.823723
Lacerta_schreiberi,-5.618819,42.556722
Lacerta_schreiberi,-5.622592,42.646682
Lacerta_schreiberi,-5.626382,42.736641
Lacerta_schreiberi,-5.63019,42.826597
Lacerta_schreiberi,-5.981885,43.358203
Lacerta_schreiberi,-5.986291,43.538156
Lacerta_schreiberi,-5.899938,43.360312
Lacerta_schreiberi,-5.780796,43.453309
Lacerta_schreiberi,-5.789082,43.633174
Lacerta_schreiberi,-5.653406,43.366302
Lacerta_schreiberi,-5.657339,43.456246
Lacerta_schreiberi,-5.661289,43.546189
Lacerta_schreiberi,-5.533863,43.459051
Lacerta_schreiberi,-5.537631,43.549003
Lacerta_schreiberi,-5.291685,40.222062
Lacerta_schreiberi,-5.294727,40.312081
Lacerta_schreiberi,-5.297782,40.402098
Lacerta_schreiberi,-5.300851,40.492114
Lacerta_schreiberi,-5.174245,40.224329
Lacerta_schreiberi,-5.177131,40.314355
Lacerta_schreiberi,-5.18003,40.404379
Lacerta_schreiberi,-5.182943,40.494402
Lacerta_schreiberi,-5.185868,40.584424
Lacerta_schreiberi,-5.056792,40.226476
Lacerta_schreiberi,-5.059523,40.316509
Lacerta_schreiberi,-5.062265,40.406541
Lacerta_schreiberi,-5.06502,40.496571
Lacerta_schreiberi,-5.067788,40.586599
Lacerta_schreiberi,-4.941902,40.318544
Lacerta_schreiberi,-4.944488,40.408582
Lacerta_schreiberi,-4.947086,40.498619
Lacerta_schreiberi,-4.949696,40.588653
Lacerta_schreiberi,-4.824269,40.32046
Lacerta_schreiberi,-4.826699,40.410504
Lacerta_schreiberi,-4.82914,40.500546
Lacerta_schreiberi,-4.706625,40.322256
Lacerta_schreiberi,-4.708899,40.412306
Lacerta_schreiberi,-4.711182,40.502354
Lacerta_schreiberi,-4.588971,40.323932
Lacerta_schreiberi,-4.591088,40.413987
Lacerta_schreiberi,-4.593215,40.504041
Lacerta_schreiberi,-4.471308,40.325489
Lacerta_schreiberi,-4.473268,40.415549
Lacerta_schreiberi,-4.359071,40.597115
Lacerta_schreiberi,-4.240919,40.598445
Lacerta_schreiberi,-4.360899,40.687175
Lacerta_schreiberi,-4.242588,40.688509
Lacerta_schreiberi,-5.389209,42.921927
Lacerta_schreiberi,-5.396198,43.101865
Lacerta_schreiberi,-5.399716,43.191832
Lacerta_schreiberi,-5.273413,43.104372
Lacerta_schreiberi,-5.276752,43.194346
Lacerta_schreiberi,-5.147469,43.016763
Lacerta_schreiberi,-5.021882,42.929007
Lacerta_schreiberi,-5.03377,43.288967
Lacerta_schreiberi,-4.91058,43.291092
Lacerta_schreiberi,-5.378845,42.652006
Lacerta_schreiberi,-5.382284,42.741981
Lacerta_schreiberi,-5.385738,42.831955
Lacerta_schreiberi,-5.256948,42.654474
Lacerta_schreiberi,-5.260211,42.744457
Lacerta_schreiberi,-5.135035,42.656812
Lacerta_schreiberi,-5.138122,42.746802
Lacerta_schreiberi,-5.141224,42.836791
Lacerta_schreiberi,-4.776929,42.933073
Lacerta_schreiberi,-4.782129,43.113081
Lacerta_schreiberi,-4.784748,43.203083
Lacerta_schreiberi,-4.787378,43.293084
Lacerta_schreiberi,-4.654434,42.934909
Lacerta_schreiberi,-4.659276,43.114929
Lacerta_schreiberi,-4.661714,43.204937
Lacerta_schreiberi,-4.664164,43.294943
Lacerta_schreiberi,-4.534164,43.026631
Lacerta_schreiberi,-4.538669,43.206659
Lacerta_schreiberi,-4.540938,43.29667
Lacerta_schreiberi,-4.290653,43.119682
Lacerta_schreiberi,-4.29255,43.209705
Lacerta_schreiberi,-4.294455,43.299726
Lacerta_schreiberi,-4.774346,42.843066
Lacerta_schreiberi,-4.283152,42.759577
Lacerta_schreiberi,-5.406803,43.371761
Lacerta_schreiberi,-5.41037,43.461722
Lacerta_schreiberi,-5.413955,43.551683
Lacerta_schreiberi,-5.283476,43.374291
Lacerta_schreiberi,-5.286861,43.464261
Lacerta_schreiberi,-5.160133,43.376688
Lacerta_schreiberi,-5.163336,43.466666
Lacerta_schreiberi,-5.036776,43.378953
Lacerta_schreiberi,-5.039796,43.468937
Lacerta_schreiberi,-4.913405,43.381084
Lacerta_schreiberi,-4.790021,43.383083
Lacerta_schreiberi,-4.543216,43.38668
Lacerta_schreiberi,-4.122759,40.599654
Lacerta_schreiberi,-3.774513,41.142998
Lacerta_schreiberi,-4.124269,40.689722
Lacerta_schreiberi,-4.125786,40.779789
Lacerta_schreiberi,-4.005943,40.690814
Lacerta_schreiberi,-4.007301,40.780884
Lacerta_schreiberi,-4.008665,40.870952
Lacerta_schreiberi,-4.011411,41.051085
Lacerta_schreiberi,-3.887611,40.691784
Lacerta_schreiberi,-3.88881,40.781857
Lacerta_schreiberi,-3.890013,40.871929
Lacerta_schreiberi,-3.891222,40.961999
Lacerta_schreiberi,-3.892436,41.052068
Lacerta_schreiberi,-3.770313,40.782709
Lacerta_schreiberi,-3.771356,40.872784
Lacerta_schreiberi,-3.772403,40.962856
Lacerta_schreiberi,-3.773456,41.052928
Lacerta_schreiberi,-3.651811,40.78344
Lacerta_schreiberi,-3.652694,40.873516
Lacerta_schreiberi,-3.65358,40.963591
Lacerta_schreiberi,-3.654471,41.053665
Lacerta_schreiberi,-3.536214,41.144354
Lacerta_schreiberi,-3.536949,41.234426
Lacerta_schreiberi,-3.417059,41.144847
Lacerta_schreiberi,-3.417631,41.234921
Lacerta_schreiberi,-3.418205,41.324994
Lacerta_schreiberi,-3.297901,41.145216
Lacerta_schreiberi,-3.298309,41.235292
Lacerta_schreiberi,-3.29872,41.325366
Lacerta_schreiberi,-3.299132,41.415439
Lacerta_schreiberi,-3.178741,41.145463
Lacerta_schreiberi,-3.179233,41.325614
Lacerta_schreiberi,-3.059581,41.145586
Lacerta_schreiberi,-3.059662,41.235663
Lacerta_schreiberi,-3.059744,41.325738
Lacerta_schreiberi,-3.535482,41.054279
Lacerta_schreiberi,-3.415922,40.964694
Lacerta_schreiberi,-3.416489,41.054771
Lacerta_schreiberi,-3.297494,41.055139
Lacerta_schreiberi,-4.046395,43.212221
Lacerta_schreiberi,-3.923306,43.213281
Lacerta_schreiberi,-4.160973,42.760881
Lacerta_schreiberi,-4.038786,42.762054
Lacerta_schreiberi,-3.915268,42.673056
Lacerta_schreiberi,-3.917923,42.853137
Lacerta_schreiberi,-3.793244,42.673966
Lacerta_schreiberi,-3.794392,42.76401
Lacerta_schreiberi,-3.795545,42.854053
Lacerta_schreiberi,-3.671216,42.674747
Lacerta_schreiberi,-3.672187,42.764793
Lacerta_schreiberi,-3.673163,42.854838
Lacerta_schreiberi,-3.554823,43.305705
Lacerta_schreiberi,-3.307786,43.216593
Lacerta_schreiberi,-3.30824,43.306636
Lacerta_schreiberi,-3.184673,43.216858
Lacerta_schreiberi,-3.061467,43.126945
Lacerta_schreiberi,-3.549977,42.765445
Lacerta_schreiberi,-3.550776,42.855492
Lacerta_schreiberi,-3.427146,42.675917
Lacerta_schreiberi,-3.427764,42.765967
Lacerta_schreiberi,-3.305548,42.766358
Lacerta_schreiberi,-4.172933,43.391078
Lacerta_schreiberi,-4.049488,43.392278
Lacerta_schreiberi,-3.555644,43.395744
Lacerta_schreiberi,-3.556469,43.485781
Lacerta_schreiberi,-2.940256,41.325738
Lacerta_schreiberi,-2.938623,43.036898
Lacerta_schreiberi,-2.938533,43.126945
Lacerta_schreiberi,-2.938442,43.21699
Lacerta_schreiberi,-2.938352,43.307034
Lacerta_schreiberi,-2.815599,43.126813
Lacerta_schreiberi,-2.815055,43.306901
Lacerta_schreiberi,-2.692666,43.126549
Lacerta_schreiberi,-2.692214,43.216593
Lacerta_schreiberi,-2.69176,43.306636
Lacerta_schreiberi,-2.445994,43.215666
Lacerta_schreiberi,-2.694009,42.856408
Lacerta_schreiberi,-2.322889,43.215003
Lacerta_schreiberi,-2.199789,43.214208
Lacerta_schreiberi,-2.198609,43.304244
Lacerta_schreiberi,-2.075332,43.303313
Lacerta_schreiberi,-2.814782,43.396944
Lacerta_schreiberi,-2.691304,43.396677
Lacerta_schreiberi,-9.402552,38.712302
Lacerta_schreiberi,-9.403058,38.802415
Lacerta_schreiberi,-9.2879,38.802755
Lacerta_schreiberi,-9.290105,39.343408
Lacerta_schreiberi,-9.174288,39.433744
Lacerta_schreiberi,-9.058096,39.43386
Lacerta_schreiberi,-9.058171,39.523963
Lacerta_schreiberi,-9.058246,39.614066
Lacerta_schreiberi,-9.404078,38.982636
Lacerta_schreiberi,-9.404591,39.072744
Lacerta_schreiberi,-9.288264,38.892867
Lacerta_schreiberi,-9.288629,38.982978
Lacerta_schreiberi,-9.289364,39.163196
Lacerta_schreiberi,-9.173178,38.983207
Lacerta_schreiberi,-9.173398,39.073317
Lacerta_schreiberi,-9.173619,39.163426
Lacerta_schreiberi,-9.057726,38.983321
Lacerta_schreiberi,-9.057799,39.073431
Lacerta_schreiberi,-9.057947,39.253648
Lacerta_schreiberi,-8.717021,37.541036
Lacerta_schreiberi,-8.715992,37.811427
Lacerta_schreiberi,-8.603831,37.540711
Lacerta_schreiberi,-8.603353,37.630841
Lacerta_schreiberi,-8.602873,37.720971
Lacerta_schreiberi,-8.718036,37.270632
Lacerta_schreiberi,-8.717699,37.360768
Lacerta_schreiberi,-8.717361,37.450903
Lacerta_schreiberi,-8.605252,37.27031
Lacerta_schreiberi,-8.604781,37.360445
Lacerta_schreiberi,-8.604307,37.450578
Lacerta_schreiberi,-8.492471,37.26988
Lacerta_schreiberi,-8.491865,37.360014
Lacerta_schreiberi,-8.378951,37.359475
Lacerta_schreiberi,-8.941829,39.523963
Lacerta_schreiberi,-8.941754,39.614066
Lacerta_schreiberi,-8.825034,39.704049
Lacerta_schreiberi,-8.708391,39.703815
Lacerta_schreiberi,-8.59175,39.703463
Lacerta_schreiberi,-8.475111,39.702995
Lacerta_schreiberi,-8.359308,39.612313
Lacerta_schreiberi,-8.244782,39.431423
Lacerta_schreiberi,-8.243807,39.521518
Lacerta_schreiberi,-8.242827,39.611613
Lacerta_schreiberi,-8.241844,39.701706
Lacerta_schreiberi,-8.126351,39.610795
Lacerta_schreiberi,-8.013704,39.33959
Lacerta_schreiberi,-8.00988,39.609861
Lacerta_schreiberi,-7.893415,39.60881
Lacerta_schreiberi,-8.824806,39.794148
Lacerta_schreiberi,-8.824577,39.884246
Lacerta_schreiberi,-8.824347,39.974342
Lacerta_schreiberi,-8.708011,39.793913
Lacerta_schreiberi,-8.707629,39.88401
Lacerta_schreiberi,-8.707246,39.974105
Lacerta_schreiberi,-8.706861,40.064199
Lacerta_schreiberi,-8.706474,40.154292
Lacerta_schreiberi,-8.591218,39.79356
Lacerta_schreiberi,-8.590146,39.97375
Lacerta_schreiberi,-8.589607,40.063843
Lacerta_schreiberi,-8.589065,40.153935
Lacerta_schreiberi,-8.474427,39.79309
Lacerta_schreiberi,-8.47166,40.153458
Lacerta_schreiberi,-8.3568,39.882595
Lacerta_schreiberi,-8.355956,39.972686
Lacerta_schreiberi,-8.355108,40.062775
Lacerta_schreiberi,-8.354257,40.152863
Lacerta_schreiberi,-8.240856,39.791797
Lacerta_schreiberi,-8.239863,39.881887
Lacerta_schreiberi,-8.238866,39.971976
Lacerta_schreiberi,-8.237864,40.062063
Lacerta_schreiberi,-8.236858,40.152149
Lacerta_schreiberi,-8.124076,39.790974
Lacerta_schreiberi,-8.122931,39.881062
Lacerta_schreiberi,-8.121781,39.971148
Lacerta_schreiberi,-8.120625,40.061233
Lacerta_schreiberi,-8.119464,40.151316
Lacerta_schreiberi,-8.007302,39.790034
Lacerta_schreiberi,-8.006004,39.880119
Lacerta_schreiberi,-8.0047,39.970202
Lacerta_schreiberi,-8.003391,40.060283
Lacerta_schreiberi,-8.002075,40.150363
Lacerta_schreiberi,-7.890533,39.788976
Lacerta_schreiberi,-7.889083,39.879058
Lacerta_schreiberi,-7.887626,39.969137
Lacerta_schreiberi,-7.886162,40.059215
Lacerta_schreiberi,-7.884692,40.149292
Lacerta_schreiberi,-7.549682,39.334733
Lacerta_schreiberi,-7.547816,39.424809
Lacerta_schreiberi,-7.433696,39.333229
Lacerta_schreiberi,-7.431681,39.423301
Lacerta_schreiberi,-7.429657,39.513371
Lacerta_schreiberi,-7.317718,39.33161
Lacerta_schreiberi,-7.315555,39.421677
Lacerta_schreiberi,-7.435701,39.243156
Lacerta_schreiberi,-7.322016,39.151473
Lacerta_schreiberi,-7.319872,39.241543
Lacerta_schreiberi,-7.206345,39.14975
Lacerta_schreiberi,-7.204053,39.239814
Lacerta_schreiberi,-7.090683,39.147912
Lacerta_schreiberi,-7.770558,39.967955
Lacerta_schreiberi,-7.768941,40.058029
Lacerta_schreiberi,-7.767316,40.148102
Lacerta_schreiberi,-7.653498,39.966654
Lacerta_schreiberi,-7.649947,40.146793
Lacerta_schreiberi,-7.53452,40.055301
Lacerta_schreiberi,-7.532586,40.145365
Lacerta_schreiberi,-7.417322,40.053759
Lacerta_schreiberi,-7.415234,40.143818
Lacerta_schreiberi,-7.180558,40.140368
Lacerta_schreiberi,-7.063236,40.138464
Lacerta_schreiberi,-8.82365,40.244622
Lacerta_schreiberi,-8.706085,40.244383
Lacerta_schreiberi,-8.705694,40.334473
Lacerta_schreiberi,-8.705302,40.424561
Lacerta_schreiberi,-8.588521,40.244025
Lacerta_schreiberi,-8.587425,40.4242
Lacerta_schreiberi,-8.586874,40.514286
Lacerta_schreiberi,-8.586319,40.60437
Lacerta_schreiberi,-8.47096,40.243547
Lacerta_schreiberi,-8.469551,40.42372
Lacerta_schreiberi,-8.468842,40.513804
Lacerta_schreiberi,-8.468129,40.603887
Lacerta_schreiberi,-8.352543,40.333035
Lacerta_schreiberi,-8.35168,40.423119
Lacerta_schreiberi,-8.349942,40.603282
Lacerta_schreiberi,-8.234833,40.332316
Lacerta_schreiberi,-8.233813,40.422398
Lacerta_schreiberi,-8.232788,40.512478
Lacerta_schreiberi,-8.231759,40.602556
Lacerta_schreiberi,-8.118298,40.241397
Lacerta_schreiberi,-8.114768,40.511634
Lacerta_schreiberi,-8.113581,40.60171
Lacerta_schreiberi,-8.000754,40.240442
Lacerta_schreiberi,-7.999426,40.330519
Lacerta_schreiberi,-7.998093,40.420595
Lacerta_schreiberi,-7.996754,40.510669
Lacerta_schreiberi,-7.995408,40.600742
Lacerta_schreiberi,-7.883216,40.239367
Lacerta_schreiberi,-7.880242,40.419514
Lacerta_schreiberi,-7.878745,40.509585
Lacerta_schreiberi,-7.877241,40.599654
Lacerta_schreiberi,-8.701691,41.235292
Lacerta_schreiberi,-8.70128,41.325366
Lacerta_schreiberi,-8.700868,41.415439
Lacerta_schreiberi,-8.700454,41.50551
Lacerta_schreiberi,-8.582941,41.144847
Lacerta_schreiberi,-8.582369,41.234921
Lacerta_schreiberi,-8.581218,41.415066
Lacerta_schreiberi,-8.580638,41.505136
Lacerta_schreiberi,-8.463786,41.144354
Lacerta_schreiberi,-8.463051,41.234426
Lacerta_schreiberi,-8.462312,41.324498
Lacerta_schreiberi,-8.460825,41.504636
Lacerta_schreiberi,-8.585763,40.694453
Lacerta_schreiberi,-8.585204,40.784535
Lacerta_schreiberi,-8.584642,40.874615
Lacerta_schreiberi,-8.584078,40.964694
Lacerta_schreiberi,-8.583511,41.054771
Lacerta_schreiberi,-8.466695,40.784048
Lacerta_schreiberi,-8.465973,40.874127
Lacerta_schreiberi,-8.465247,40.964204
Lacerta_schreiberi,-8.464518,41.054279
Lacerta_schreiberi,-8.344634,41.143737
Lacerta_schreiberi,-8.343736,41.233808
Lacerta_schreiberi,-8.341015,41.504012
Lacerta_schreiberi,-8.225487,41.142998
Lacerta_schreiberi,-8.224425,41.233066
Lacerta_schreiberi,-8.223358,41.323133
Lacerta_schreiberi,-8.222286,41.413199
Lacerta_schreiberi,-8.221209,41.503263
Lacerta_schreiberi,-8.106344,41.142135
Lacerta_schreiberi,-8.105118,41.232201
Lacerta_schreiberi,-8.102651,41.412328
Lacerta_schreiberi,-8.101408,41.50239
Lacerta_schreiberi,-7.987206,41.141149
Lacerta_schreiberi,-7.985818,41.231212
Lacerta_schreiberi,-7.984422,41.321273
Lacerta_schreiberi,-7.983021,41.411333
Lacerta_schreiberi,-7.981613,41.501391
Lacerta_schreiberi,-7.868075,41.14004
Lacerta_schreiberi,-7.866523,41.230099
Lacerta_schreiberi,-7.864964,41.320157
Lacerta_schreiberi,-7.863398,41.410213
Lacerta_schreiberi,-7.861824,41.500268
Lacerta_schreiberi,-8.349068,40.693361
Lacerta_schreiberi,-8.348189,40.78344
Lacerta_schreiberi,-8.347306,40.873516
Lacerta_schreiberi,-8.34642,40.963591
Lacerta_schreiberi,-8.345529,41.053665
Lacerta_schreiberi,-8.230726,40.692634
Lacerta_schreiberi,-8.229687,40.782709
Lacerta_schreiberi,-8.228644,40.872784
Lacerta_schreiberi,-8.227597,40.962856
Lacerta_schreiberi,-8.226544,41.052928
Lacerta_schreiberi,-8.112389,40.691784
Lacerta_schreiberi,-8.11119,40.781857
Lacerta_schreiberi,-8.109987,40.871929
Lacerta_schreiberi,-8.108778,40.961999
Lacerta_schreiberi,-8.107564,41.052068
Lacerta_schreiberi,-7.994057,40.690814
Lacerta_schreiberi,-7.992699,40.780884
Lacerta_schreiberi,-7.991335,40.870952
Lacerta_schreiberi,-7.989965,40.961019
Lacerta_schreiberi,-7.988589,41.051085
Lacerta_schreiberi,-7.874214,40.779789
Lacerta_schreiberi,-7.872689,40.869854
Lacerta_schreiberi,-7.871158,40.959917
Lacerta_schreiberi,-7.86962,41.049979
Lacerta_schreiberi,-8.577103,42.045526
Lacerta_schreiberi,-8.819771,41.6859
Lacerta_schreiberi,-8.819519,41.775967
Lacerta_schreiberi,-8.819266,41.866034
Lacerta_schreiberi,-8.819012,41.956099
Lacerta_schreiberi,-8.700038,41.59558
Lacerta_schreiberi,-8.69962,41.685648
Lacerta_schreiberi,-8.6992,41.775715
Lacerta_schreiberi,-8.698778,41.865781
Lacerta_schreiberi,-8.698354,41.955845
Lacerta_schreiberi,-8.580055,41.595204
Lacerta_schreiberi,-8.57947,41.685272
Lacerta_schreiberi,-8.578882,41.775337
Lacerta_schreiberi,-8.578292,41.865402
Lacerta_schreiberi,-8.577699,41.955465
Lacerta_schreiberi,-8.459323,41.684769
Lacerta_schreiberi,-8.458568,41.774833
Lacerta_schreiberi,-8.457808,41.864896
Lacerta_schreiberi,-8.457046,41.954957
Lacerta_schreiberi,-8.33546,42.044381
Lacerta_schreiberi,-8.214645,42.043618
Lacerta_schreiberi,-8.213533,42.133672
Lacerta_schreiberi,-8.093835,42.042728
Lacerta_schreiberi,-8.340099,41.594077
Lacerta_schreiberi,-8.33918,41.684141
Lacerta_schreiberi,-8.338256,41.774203
Lacerta_schreiberi,-8.337329,41.864264
Lacerta_schreiberi,-8.336396,41.954323
Lacerta_schreiberi,-8.220127,41.593326
Lacerta_schreiberi,-8.219041,41.683387
Lacerta_schreiberi,-8.217949,41.773447
Lacerta_schreiberi,-8.216853,41.863506
Lacerta_schreiberi,-8.215751,41.953563
Lacerta_schreiberi,-8.10016,41.59245
Lacerta_schreiberi,-8.098907,41.682508
Lacerta_schreiberi,-8.097647,41.772565
Lacerta_schreiberi,-8.096382,41.862621
Lacerta_schreiberi,-8.095111,41.952675
Lacerta_schreiberi,-7.980199,41.591448
Lacerta_schreiberi,-7.978778,41.681504
Lacerta_schreiberi,-7.977351,41.771558
Lacerta_schreiberi,-7.975917,41.86161
Lacerta_schreiberi,-7.860244,41.590321
Lacerta_schreiberi,-7.858656,41.680373
Lacerta_schreiberi,-7.857061,41.770424
Lacerta_schreiberi,-7.855459,41.860473
Lacerta_schreiberi,-7.853849,41.95052
Lacerta_schreiberi,-7.765684,40.238174
Lacerta_schreiberi,-7.764044,40.328244
Lacerta_schreiberi,-7.762398,40.418312
Lacerta_schreiberi,-7.760743,40.508379
Lacerta_schreiberi,-7.759081,40.598445
Lacerta_schreiberi,-7.64816,40.23686
Lacerta_schreiberi,-7.646364,40.326926
Lacerta_schreiberi,-7.644561,40.416991
Lacerta_schreiberi,-7.642749,40.507053
Lacerta_schreiberi,-7.640929,40.597115
Lacerta_schreiberi,-7.530643,40.235428
Lacerta_schreiberi,-7.528692,40.325489
Lacerta_schreiberi,-7.526732,40.415549
Lacerta_schreiberi,-7.524763,40.505607
Lacerta_schreiberi,-7.522785,40.595664
Lacerta_schreiberi,-7.413136,40.233876
Lacerta_schreiberi,-7.411029,40.323932
Lacerta_schreiberi,-7.408912,40.413987
Lacerta_schreiberi,-7.406785,40.504041
Lacerta_schreiberi,-7.404649,40.594093
Lacerta_schreiberi,-7.295638,40.232205
Lacerta_schreiberi,-7.291101,40.412306
Lacerta_schreiberi,-7.288818,40.502354
Lacerta_schreiberi,-7.286524,40.5924
Lacerta_schreiberi,-7.17815,40.230415
Lacerta_schreiberi,-7.175731,40.32046
Lacerta_schreiberi,-7.173301,40.410504
Lacerta_schreiberi,-7.17086,40.500546
Lacerta_schreiberi,-7.168408,40.590587
Lacerta_schreiberi,-7.060673,40.228505
Lacerta_schreiberi,-7.058098,40.318544
Lacerta_schreiberi,-7.055512,40.408582
Lacerta_schreiberi,-7.052914,40.498619
Lacerta_schreiberi,-7.050304,40.588653
Lacerta_schreiberi,-6.943208,40.226476
Lacerta_schreiberi,-6.940477,40.316509
Lacerta_schreiberi,-6.825755,40.224329
Lacerta_schreiberi,-6.822869,40.314355
Lacerta_schreiberi,-7.748951,41.138808
Lacerta_schreiberi,-7.747236,41.228863
Lacerta_schreiberi,-7.745513,41.318917
Lacerta_schreiberi,-7.743782,41.408969
Lacerta_schreiberi,-7.742043,41.49902
Lacerta_schreiberi,-7.627956,41.227503
Lacerta_schreiberi,-7.624174,41.407601
Lacerta_schreiberi,-7.622269,41.497648
Lacerta_schreiberi,-7.508685,41.22602
Lacerta_schreiberi,-7.504574,41.406108
Lacerta_schreiberi,-7.502504,41.49615
Lacerta_schreiberi,-7.391628,41.134372
Lacerta_schreiberi,-7.389424,41.224414
Lacerta_schreiberi,-7.387209,41.314453
Lacerta_schreiberi,-7.384984,41.404492
Lacerta_schreiberi,-7.382749,41.494528
Lacerta_schreiberi,-7.270172,41.222683
Lacerta_schreiberi,-7.757412,40.688509
Lacerta_schreiberi,-7.755735,40.778572
Lacerta_schreiberi,-7.754051,40.868633
Lacerta_schreiberi,-7.752358,40.958693
Lacerta_schreiberi,-7.750659,41.048751
Lacerta_schreiberi,-7.637264,40.777233
Lacerta_schreiberi,-7.635419,40.86729
Lacerta_schreiberi,-7.633566,40.957346
Lacerta_schreiberi,-7.631705,41.0474
Lacerta_schreiberi,-7.518802,40.775773
Lacerta_schreiberi,-7.516797,40.865826
Lacerta_schreiberi,-7.514783,40.955877
Lacerta_schreiberi,-7.512759,41.045926
Lacerta_schreiberi,-7.402504,40.684143
Lacerta_schreiberi,-7.400348,40.774192
Lacerta_schreiberi,-7.398183,40.864239
Lacerta_schreiberi,-7.396008,40.954285
Lacerta_schreiberi,-7.281904,40.772489
Lacerta_schreiberi,-7.279579,40.862531
Lacerta_schreiberi,-7.026277,41.398896
Lacerta_schreiberi,-6.906732,41.396782
Lacerta_schreiberi,-7.163471,40.770664
Lacerta_schreiberi,-7.740296,41.58907
Lacerta_schreiberi,-7.738541,41.679118
Lacerta_schreiberi,-7.736779,41.769164
Lacerta_schreiberi,-7.735008,41.859209
Lacerta_schreiberi,-7.620356,41.587693
Lacerta_schreiberi,-7.618435,41.677736
Lacerta_schreiberi,-7.616504,41.767778
Lacerta_schreiberi,-7.614565,41.857819
Lacerta_schreiberi,-7.496239,41.766267
Lacerta_schreiberi,-7.494131,41.856303
Lacerta_schreiberi,-7.380504,41.584564
Lacerta_schreiberi,-7.378248,41.674597
Lacerta_schreiberi,-7.375982,41.76463
Lacerta_schreiberi,-7.373706,41.85466
Lacerta_schreiberi,-7.25817,41.67284
Lacerta_schreiberi,-7.255737,41.762867
Lacerta_schreiberi,-7.253292,41.852892
Lacerta_schreiberi,-7.127628,42.031031
Lacerta_schreiberi,-6.765479,42.024549
Lacerta_schreiberi,-7.135502,41.760978
Lacerta_schreiberi,-7.13289,41.850997
Lacerta_schreiberi,-7.130265,41.941014
Lacerta_schreiberi,-7.015279,41.758963
Lacerta_schreiberi,-7.012499,41.848976
Lacerta_schreiberi,-7.009705,41.938987
Lacerta_schreiberi,-6.898005,41.666815
Lacerta_schreiberi,-6.895069,41.756823
Lacerta_schreiberi,-6.89212,41.846829
Lacerta_schreiberi,-6.889158,41.936833
Lacerta_schreiberi,-6.768624,41.934553
Lacerta_schreiberi,-6.651405,41.842157
Lacerta_schreiberi,-6.648105,41.932146
Lacerta_schreiberi,-6.53107,41.839632
Lacerta_schreiberi,-6.527601,41.929613
Rana_iberica,-6.990315,38.60562
Rana_iberica,-7.427625,39.603442
Rana_iberica,-7.317719,39.331613
Rana_iberica,-7.315555,39.421679
Rana_iberica,-7.201751,39.329879
Rana_iberica,-7.199438,39.41994
Rana_iberica,-6.04569,39.576408
Rana_iberica,-6.162222,39.219083
Rana_iberica,-6.486737,39.857144
Rana_iberica,-9.183864,42.946721
Rana_iberica,-9.184132,43.036769
Rana_iberica,-9.061289,42.946853
Rana_iberica,-9.061378,43.036901
Rana_iberica,-9.061468,43.126948
Rana_iberica,-9.061111,42.766752
Rana_iberica,-9.0612,42.856803
Rana_iberica,-8.818757,42.046165
Rana_iberica,-8.818501,42.136227
Rana_iberica,-8.817984,42.316347
Rana_iberica,-8.697929,42.04591
Rana_iberica,-8.697502,42.135972
Rana_iberica,-8.697072,42.226032
Rana_iberica,-8.696641,42.31609
Rana_iberica,-8.696207,42.406147
Rana_iberica,-8.577104,42.045529
Rana_iberica,-8.576505,42.135589
Rana_iberica,-8.575904,42.225648
Rana_iberica,-8.575299,42.315705
Rana_iberica,-8.574693,42.405761
Rana_iberica,-8.455511,42.135079
Rana_iberica,-8.454738,42.225136
Rana_iberica,-8.453961,42.315191
Rana_iberica,-8.453179,42.405245
Rana_iberica,-8.819013,41.956101
Rana_iberica,-8.698355,41.955848
Rana_iberica,-8.333575,42.224496
Rana_iberica,-8.332626,42.314549
Rana_iberica,-8.331674,42.40462
Rana_iberica,-8.213534,42.133675
Rana_iberica,-8.212417,42.223728
Rana_iberica,-8.211295,42.313779
Rana_iberica,-8.093835,42.042731
Rana_iberica,-8.092553,42.132782
Rana_iberica,-8.091264,42.222832
Rana_iberica,-8.08997,42.31288
Rana_iberica,-8.08867,42.402927
Rana_iberica,-7.973031,42.041713
Rana_iberica,-7.971577,42.131761
Rana_iberica,-7.970117,42.221808
Rana_iberica,-7.96865,42.311853
Rana_iberica,-7.852233,42.040569
Rana_iberica,-7.850609,42.130613
Rana_iberica,-7.848977,42.220656
Rana_iberica,-7.847338,42.310698
Rana_iberica,-8.215752,41.953565
Rana_iberica,-8.097648,41.772568
Rana_iberica,-8.096383,41.862624
Rana_iberica,-8.095112,41.952678
Rana_iberica,-7.975918,41.861613
Rana_iberica,-7.974478,41.951664
Rana_iberica,-7.85546,41.860475
Rana_iberica,-7.85385,41.950523
Rana_iberica,-8.938624,43.036901
Rana_iberica,-8.938534,43.126948
Rana_iberica,-8.938443,43.216993
Rana_iberica,-8.938352,43.307037
Rana_iberica,-8.816138,42.946721
Rana_iberica,-8.815869,43.036769
Rana_iberica,-8.815328,43.216861
Rana_iberica,-8.815056,43.306904
Rana_iberica,-8.693564,42.946459
Rana_iberica,-8.693116,43.036506
Rana_iberica,-8.692666,43.126552
Rana_iberica,-8.692215,43.216596
Rana_iberica,-8.570992,42.946065
Rana_iberica,-8.570365,43.036111
Rana_iberica,-8.569736,43.126155
Rana_iberica,-8.569103,43.216198
Rana_iberica,-8.568468,43.30624
Rana_iberica,-8.448423,42.94554
Rana_iberica,-8.447617,43.035584
Rana_iberica,-8.446808,43.125627
Rana_iberica,-8.445995,43.215668
Rana_iberica,-8.445178,43.305708
Rana_iberica,-8.939067,42.586646
Rana_iberica,-8.938979,42.6767
Rana_iberica,-8.938891,42.766752
Rana_iberica,-8.938802,42.856803
Rana_iberica,-8.817463,42.496461
Rana_iberica,-8.816936,42.676569
Rana_iberica,-8.816671,42.766622
Rana_iberica,-8.816405,42.856672
Rana_iberica,-8.695772,42.496203
Rana_iberica,-8.695334,42.586257
Rana_iberica,-8.694895,42.676309
Rana_iberica,-8.694453,42.766361
Rana_iberica,-8.69401,42.856411
Rana_iberica,-8.574083,42.495815
Rana_iberica,-8.57347,42.585868
Rana_iberica,-8.572855,42.675919
Rana_iberica,-8.572237,42.765969
Rana_iberica,-8.571616,42.856018
Rana_iberica,-8.452398,42.495317
Rana_iberica,-8.451609,42.585349
Rana_iberica,-8.450818,42.675399
Rana_iberica,-8.450023,42.765448
Rana_iberica,-8.449225,42.855495
Rana_iberica,-8.325858,42.944884
Rana_iberica,-8.324873,43.034926
Rana_iberica,-8.323884,43.124967
Rana_iberica,-8.32289,43.215006
Rana_iberica,-8.321891,43.305044
Rana_iberica,-8.202133,43.034136
Rana_iberica,-8.200964,43.124174
Rana_iberica,-8.199789,43.214211
Rana_iberica,-8.080741,42.943178
Rana_iberica,-8.079399,43.033215
Rana_iberica,-8.07805,43.12325
Rana_iberica,-8.076695,43.213284
Rana_iberica,-7.958192,42.942128
Rana_iberica,-7.95667,43.032162
Rana_iberica,-7.95514,43.122194
Rana_iberica,-7.953608,43.212243
Rana_iberica,-7.952063,43.302253
Rana_iberica,-7.83565,42.940947
Rana_iberica,-7.832242,43.121025
Rana_iberica,-7.830523,43.211032
Rana_iberica,-8.330713,42.494652
Rana_iberica,-8.329752,42.584701
Rana_iberica,-8.328785,42.674749
Rana_iberica,-8.327814,42.764796
Rana_iberica,-8.326838,42.854841
Rana_iberica,-8.209036,42.493877
Rana_iberica,-8.207899,42.583924
Rana_iberica,-8.206756,42.673969
Rana_iberica,-8.205608,42.764013
Rana_iberica,-8.087363,42.492973
Rana_iberica,-8.086051,42.583017
Rana_iberica,-8.084733,42.673059
Rana_iberica,-8.083408,42.7631
Rana_iberica,-8.082078,42.85314
Rana_iberica,-7.965697,42.491939
Rana_iberica,-7.964209,42.58198
Rana_iberica,-7.962715,42.672019
Rana_iberica,-7.959707,42.852093
Rana_iberica,-7.844036,42.490776
Rana_iberica,-7.842375,42.580814
Rana_iberica,-7.839028,42.760883
Rana_iberica,-7.837343,42.850916
Rana_iberica,-8.197424,43.39428
Rana_iberica,-8.195037,43.574343
Rana_iberica,-8.073965,43.393347
Rana_iberica,-8.072591,43.483376
Rana_iberica,-8.071211,43.573404
Rana_iberica,-8.069824,43.663431
Rana_iberica,-7.950513,43.39228
Rana_iberica,-7.948956,43.482307
Rana_iberica,-7.947391,43.572331
Rana_iberica,-7.94582,43.662354
Rana_iberica,-7.944241,43.752376
Rana_iberica,-7.827068,43.391081
Rana_iberica,-7.825328,43.481103
Rana_iberica,-7.823579,43.571124
Rana_iberica,-7.821823,43.661143
Rana_iberica,-6.825755,40.224332
Rana_iberica,-6.822869,40.314358
Rana_iberica,-6.708315,40.222065
Rana_iberica,-6.705274,40.312084
Rana_iberica,-7.731443,42.039297
Rana_iberica,-7.727844,42.219377
Rana_iberica,-7.726032,42.309414
Rana_iberica,-7.724212,42.39945
Rana_iberica,-7.61066,42.037898
Rana_iberica,-7.606719,42.217969
Rana_iberica,-7.602742,42.398034
Rana_iberica,-7.489887,42.036373
Rana_iberica,-7.48775,42.126404
Rana_iberica,-7.485604,42.216434
Rana_iberica,-7.483448,42.306462
Rana_iberica,-7.481281,42.396489
Rana_iberica,-7.369124,42.03472
Rana_iberica,-7.366816,42.124746
Rana_iberica,-7.364498,42.21477
Rana_iberica,-7.36217,42.304794
Rana_iberica,-7.35983,42.394815
Rana_iberica,-7.248371,42.03294
Rana_iberica,-7.245893,42.122961
Rana_iberica,-7.243403,42.21298
Rana_iberica,-7.240902,42.302997
Rana_iberica,-7.23839,42.393013
Rana_iberica,-7.73323,41.949255
Rana_iberica,-7.612617,41.947861
Rana_iberica,-7.494132,41.856305
Rana_iberica,-7.492014,41.94634
Rana_iberica,-7.373707,41.854663
Rana_iberica,-7.371421,41.944692
Rana_iberica,-7.253293,41.852894
Rana_iberica,-7.250837,41.942918
Rana_iberica,-7.127629,42.031033
Rana_iberica,-7.12232,42.211061
Rana_iberica,-7.119647,42.301072
Rana_iberica,-7.006899,42.029
Rana_iberica,-7.00408,42.119008
Rana_iberica,-7.001248,42.209014
Rana_iberica,-6.998403,42.299019
Rana_iberica,-6.995545,42.389023
Rana_iberica,-6.886182,42.026839
Rana_iberica,-6.883193,42.11684
Rana_iberica,-6.88019,42.20684
Rana_iberica,-6.877172,42.296838
Rana_iberica,-6.874142,42.386835
Rana_iberica,-6.765479,42.024552
Rana_iberica,-6.762319,42.114546
Rana_iberica,-6.759145,42.204538
Rana_iberica,-6.755956,42.294529
Rana_iberica,-6.752752,42.384519
Rana_iberica,-6.64479,42.022137
Rana_iberica,-6.64146,42.112124
Rana_iberica,-6.638115,42.202109
Rana_iberica,-6.634754,42.292092
Rana_iberica,-6.631378,42.382074
Rana_iberica,-7.009706,41.93899
Rana_iberica,-6.889158,41.936836
Rana_iberica,-6.768625,41.934556
Rana_iberica,-6.648106,41.932149
Rana_iberica,-7.711236,43.029661
Rana_iberica,-7.709348,43.119685
Rana_iberica,-7.707451,43.209707
Rana_iberica,-7.705545,43.299728
Rana_iberica,-7.588531,43.028213
Rana_iberica,-7.584386,43.20825
Rana_iberica,-7.463589,43.116648
Rana_iberica,-7.345567,42.934912
Rana_iberica,-7.223072,42.933076
Rana_iberica,-7.217871,43.113084
Rana_iberica,-7.215253,43.203086
Rana_iberica,-7.212623,43.293086
Rana_iberica,-7.722384,42.489485
Rana_iberica,-7.720547,42.579518
Rana_iberica,-7.716848,42.759579
Rana_iberica,-7.714986,42.849608
Rana_iberica,-7.60074,42.488064
Rana_iberica,-7.598729,42.578092
Rana_iberica,-7.596708,42.66812
Rana_iberica,-7.592638,42.848169
Rana_iberica,-7.479105,42.486514
Rana_iberica,-7.476919,42.576538
Rana_iberica,-7.35748,42.484835
Rana_iberica,-7.355119,42.574854
Rana_iberica,-7.352748,42.66487
Rana_iberica,-7.350365,42.754886
Rana_iberica,-7.235866,42.483027
Rana_iberica,-7.233331,42.57304
Rana_iberica,-7.230784,42.663051
Rana_iberica,-7.228225,42.753061
Rana_iberica,-7.225654,42.843069
Rana_iberica,-7.100589,42.931108
Rana_iberica,-7.097816,43.021107
Rana_iberica,-7.09503,43.111104
Rana_iberica,-7.092232,43.2011
Rana_iberica,-7.08942,43.291094
Rana_iberica,-6.972202,43.108993
Rana_iberica,-6.969223,43.198982
Rana_iberica,-6.966231,43.288969
Rana_iberica,-6.855662,42.92678
Rana_iberica,-6.846229,43.196732
Rana_iberica,-6.733219,42.92442
Rana_iberica,-6.729911,43.014398
Rana_iberica,-6.610792,42.921929
Rana_iberica,-6.607305,43.011899
Rana_iberica,-7.111554,42.571097
Rana_iberica,-7.108831,42.661102
Rana_iberica,-7.106097,42.751106
Rana_iberica,-7.103349,42.841108
Rana_iberica,-6.992674,42.479024
Rana_iberica,-6.989789,42.569025
Rana_iberica,-6.986892,42.659023
Rana_iberica,-6.983981,42.74902
Rana_iberica,-6.981056,42.839016
Rana_iberica,-6.871097,42.47683
Rana_iberica,-6.868038,42.566823
Rana_iberica,-6.864965,42.656815
Rana_iberica,-6.861878,42.746805
Rana_iberica,-6.858777,42.836794
Rana_iberica,-6.749534,42.474506
Rana_iberica,-6.746301,42.564492
Rana_iberica,-6.743053,42.654477
Rana_iberica,-6.73979,42.74446
Rana_iberica,-6.736512,42.834441
Rana_iberica,-6.627986,42.472054
Rana_iberica,-6.624578,42.562032
Rana_iberica,-6.617717,42.741984
Rana_iberica,-6.614262,42.831957
Rana_iberica,-7.703631,43.389748
Rana_iberica,-7.701708,43.479766
Rana_iberica,-7.699776,43.569783
Rana_iberica,-7.697834,43.659798
Rana_iberica,-7.580203,43.388282
Rana_iberica,-7.578097,43.478296
Rana_iberica,-7.575981,43.568308
Rana_iberica,-7.573855,43.658318
Rana_iberica,-7.456784,43.386683
Rana_iberica,-7.454495,43.476691
Rana_iberica,-7.452195,43.566698
Rana_iberica,-7.449885,43.656704
Rana_iberica,-7.333377,43.384951
Rana_iberica,-7.330904,43.474954
Rana_iberica,-7.328421,43.564955
Rana_iberica,-7.20998,43.383085
Rana_iberica,-7.207325,43.473083
Rana_iberica,-7.204658,43.563078
Rana_iberica,-7.086596,43.381087
Rana_iberica,-6.960204,43.46894
Rana_iberica,-6.83667,43.466668
Rana_iberica,-6.713139,43.464263
Rana_iberica,-6.58963,43.461725
Rana_iberica,-6.590889,40.219679
Rana_iberica,-6.587692,40.30969
Rana_iberica,-6.58448,40.3997
Rana_iberica,-6.581254,40.489708
Rana_iberica,-6.470124,40.307178
Rana_iberica,-6.466757,40.397179
Rana_iberica,-6.463374,40.48718
Rana_iberica,-6.349048,40.394539
Rana_iberica,-6.345509,40.484531
Rana_iberica,-6.227659,40.481762
Rana_iberica,-6.223946,40.571743
Rana_iberica,-6.11368,40.388899
Rana_iberica,-6.109827,40.478873
Rana_iberica,-6.105957,40.568845
Rana_iberica,-6.030374,40.296613
Rana_iberica,-6.02842,40.386633
Rana_iberica,-6.026456,40.476651
Rana_iberica,-6.024487,40.566668
Rana_iberica,-6.070326,41.378518
Rana_iberica,-6.220217,40.661723
Rana_iberica,-6.102069,40.658816
Rana_iberica,-6.524117,42.019596
Rana_iberica,-6.520616,42.109575
Rana_iberica,-6.5171,42.199552
Rana_iberica,-6.513567,42.289527
Rana_iberica,-6.399788,42.106899
Rana_iberica,-6.396101,42.196867
Rana_iberica,-6.392397,42.286834
Rana_iberica,-6.388675,42.376799
Rana_iberica,-6.282818,42.014134
Rana_iberica,-6.279006,42.104095
Rana_iberica,-6.271243,42.284014
Rana_iberica,-6.162195,42.011213
Rana_iberica,-6.051998,42.008323
Rana_iberica,-6.049954,42.098321
Rana_iberica,-6.531069,41.839634
Rana_iberica,-6.527602,41.929627
Rana_iberica,-6.410751,41.836994
Rana_iberica,-6.407112,41.926957
Rana_iberica,-6.286641,41.924171
Rana_iberica,-6.166187,41.921259
Rana_iberica,-6.05606,41.828324
Rana_iberica,-6.484716,43.009269
Rana_iberica,-6.362143,43.006508
Rana_iberica,-6.112834,43.090526
Rana_iberica,-6.502872,42.559443
Rana_iberica,-6.499274,42.649412
Rana_iberica,-6.247611,42.823726
Rana_iberica,-6.12543,42.820721
Rana_iberica,-6.037488,42.638278
Rana_iberica,-6.033257,42.818253
Rana_iberica,-6.466137,43.459054
Rana_iberica,-6.342662,43.456249
Rana_iberica,-6.338711,43.546192
Rana_iberica,-6.219205,43.453311
Rana_iberica,-6.215071,43.543245
Rana_iberica,-5.50024,39.497085
Rana_iberica,-5.503474,39.587101
Rana_iberica,-5.506723,39.677116
Rana_iberica,-5.380976,39.409501
Rana_iberica,-5.384046,39.499527
Rana_iberica,-5.38713,39.589551
Rana_iberica,-5.967719,40.11662
Rana_iberica,-5.754025,40.031827
Rana_iberica,-5.757655,40.121817
Rana_iberica,-5.640429,40.124551
Rana_iberica,-5.523186,40.127166
Rana_iberica,-5.405929,40.129663
Rana_iberica,-5.264918,39.411819
Rana_iberica,-5.267839,39.501853
Rana_iberica,-5.270773,39.591884
Rana_iberica,-5.288657,40.132041
Rana_iberica,-5.171372,40.134301
Rana_iberica,-5.054074,40.136442
Rana_iberica,-5.969661,40.206643
Rana_iberica,-5.97752,40.566719
Rana_iberica,-5.878667,40.208943
Rana_iberica,-5.882485,40.298921
Rana_iberica,-5.886321,40.388896
Rana_iberica,-5.890174,40.47887
Rana_iberica,-5.894044,40.568843
Rana_iberica,-5.761302,40.211805
Rana_iberica,-5.764965,40.301791
Rana_iberica,-5.768645,40.391776
Rana_iberica,-5.776054,40.571741
Rana_iberica,-5.643921,40.214548
Rana_iberica,-5.647429,40.304543
Rana_iberica,-5.650952,40.394536
Rana_iberica,-5.526524,40.217171
Rana_iberica,-5.529876,40.307175
Rana_iberica,-5.533244,40.397177
Rana_iberica,-5.536627,40.487177
Rana_iberica,-5.540025,40.577175
Rana_iberica,-5.409112,40.219676
Rana_iberica,-5.412309,40.309688
Rana_iberica,-5.97752,43.178244
Rana_iberica,-5.966785,42.728322
Rana_iberica,-5.968914,42.818309
Rana_iberica,-5.866269,42.64084
Rana_iberica,-5.87041,42.73078
Rana_iberica,-5.874571,42.820718
Rana_iberica,-5.752389,42.823723
Rana_iberica,-5.899938,43.360312
Rana_iberica,-5.291685,40.222062
Rana_iberica,-5.294727,40.312081
Rana_iberica,-5.297782,40.402098
Rana_iberica,-5.300851,40.492114
Rana_iberica,-5.174245,40.224329
Rana_iberica,-5.177131,40.314355
Rana_iberica,-5.18003,40.404379
Rana_iberica,-5.182943,40.494402
Rana_iberica,-5.185868,40.584424
Rana_iberica,-5.056792,40.226476
Rana_iberica,-5.059523,40.316509
Rana_iberica,-5.062265,40.406541
Rana_iberica,-5.06502,40.496571
Rana_iberica,-5.067788,40.586599
Rana_iberica,-4.939327,40.228505
Rana_iberica,-4.941902,40.318544
Rana_iberica,-4.944488,40.408582
Rana_iberica,-4.947086,40.498619
Rana_iberica,-4.949696,40.588653
Rana_iberica,-4.824269,40.32046
Rana_iberica,-4.82914,40.500546
Rana_iberica,-4.706625,40.322256
Rana_iberica,-4.708899,40.412306
Rana_iberica,-4.588971,40.323932
Rana_iberica,-4.591088,40.413987
Rana_iberica,-4.471308,40.325489
Rana_iberica,-4.473268,40.415549
Rana_iberica,-4.359071,40.597115
Rana_iberica,-4.240919,40.598445
Rana_iberica,-4.242588,40.688509
Rana_iberica,-4.244265,40.778572
Rana_iberica,-5.392695,43.011897
Rana_iberica,-5.150613,43.106747
Rana_iberica,-5.03377,43.288967
Rana_iberica,-5.135035,42.656812
Rana_iberica,-4.779523,43.023078
Rana_iberica,-4.654434,42.934909
Rana_iberica,-4.661714,43.204937
Rana_iberica,-5.406803,43.371761
Rana_iberica,-5.283476,43.374291
Rana_iberica,-5.160133,43.376688
Rana_iberica,-4.122759,40.599654
Rana_iberica,-4.124269,40.689722
Rana_iberica,-4.125786,40.779789
Rana_iberica,-4.007301,40.780884
Rana_iberica,-4.008665,40.870952
Rana_iberica,-3.88881,40.781857
Rana_iberica,-3.890013,40.871929
Rana_iberica,-3.891222,40.961999
Rana_iberica,-3.770313,40.782709
Rana_iberica,-3.771356,40.872784
Rana_iberica,-3.772403,40.962856
Rana_iberica,-3.773456,41.052928
Rana_iberica,-3.430265,43.126153
Rana_iberica,-3.307334,43.126549
Rana_iberica,-3.307786,43.216593
Rana_iberica,-3.061558,43.21699
Rana_iberica,-2.938623,43.036898
Rana_iberica,-2.816137,42.946719
Rana_iberica,-2.815868,43.036767
Rana_iberica,-2.815599,43.126813
Rana_iberica,-2.693563,42.946456
Rana_iberica,-2.692666,43.126549
Rana_iberica,-2.69176,43.306636
Rana_iberica,-2.569102,43.216196
Rana_iberica,-2.203296,42.944094
Rana_iberica,-2.814782,43.396944
Rana_iberica,-2.691304,43.396677
Rana_iberica,-9.058246,39.614066
Rana_iberica,-9.058322,39.704166
Rana_iberica,-8.941678,39.704166
Rana_iberica,-8.708391,39.703815
Rana_iberica,-8.59175,39.703463
Rana_iberica,-8.477145,39.432699
Rana_iberica,-8.358476,39.702409
Rana_iberica,-8.244782,39.431423
Rana_iberica,-8.243807,39.521518
Rana_iberica,-8.242827,39.611613
Rana_iberica,-8.241844,39.701706
Rana_iberica,-8.127481,39.520703
Rana_iberica,-8.126351,39.610795
Rana_iberica,-8.125216,39.700886
Rana_iberica,-8.00988,39.609861
Rana_iberica,-8.008594,39.699948
Rana_iberica,-8.941602,39.794266
Rana_iberica,-8.824347,39.974342
Rana_iberica,-8.591218,39.79356
Rana_iberica,-8.590683,39.883656
Rana_iberica,-8.47374,39.883184
Rana_iberica,-8.47305,39.973277
Rana_iberica,-8.472356,40.063368
Rana_iberica,-8.47166,40.153458
Rana_iberica,-8.357639,39.792502
Rana_iberica,-8.3568,39.882595
Rana_iberica,-8.355956,39.972686
Rana_iberica,-8.355108,40.062775
Rana_iberica,-8.354257,40.152863
Rana_iberica,-8.240856,39.791797
Rana_iberica,-8.239863,39.881887
Rana_iberica,-8.238866,39.971976
Rana_iberica,-8.237864,40.062063
Rana_iberica,-8.236858,40.152149
Rana_iberica,-8.124076,39.790974
Rana_iberica,-8.122931,39.881062
Rana_iberica,-8.121781,39.971148
Rana_iberica,-8.120625,40.061233
Rana_iberica,-8.119464,40.151316
Rana_iberica,-8.007302,39.790034
Rana_iberica,-8.006004,39.880119
Rana_iberica,-8.0047,39.970202
Rana_iberica,-8.003391,40.060283
Rana_iberica,-8.002075,40.150363
Rana_iberica,-7.890533,39.788976
Rana_iberica,-7.889083,39.879058
Rana_iberica,-7.887626,39.969137
Rana_iberica,-7.886162,40.059215
Rana_iberica,-7.884692,40.149292
Rana_iberica,-7.547816,39.424809
Rana_iberica,-7.433696,39.333229
Rana_iberica,-7.431681,39.423301
Rana_iberica,-7.317718,39.33161
Rana_iberica,-7.315555,39.421677
Rana_iberica,-7.435701,39.243156
Rana_iberica,-7.322016,39.151473
Rana_iberica,-7.319872,39.241543
Rana_iberica,-7.20175,39.329876
Rana_iberica,-7.206345,39.14975
Rana_iberica,-7.204053,39.239814
Rana_iberica,-7.093112,39.057853
Rana_iberica,-7.090683,39.147912
Rana_iberica,-7.773771,39.787801
Rana_iberica,-7.772168,39.877879
Rana_iberica,-7.770558,39.967955
Rana_iberica,-7.768941,40.058029
Rana_iberica,-7.767316,40.148102
Rana_iberica,-7.655261,39.876582
Rana_iberica,-7.653498,39.966654
Rana_iberica,-7.651726,40.056724
Rana_iberica,-7.649947,40.146793
Rana_iberica,-7.53452,40.055301
Rana_iberica,-7.532586,40.145365
Rana_iberica,-7.417322,40.053759
Rana_iberica,-7.415234,40.143818
Rana_iberica,-7.180558,40.140368
Rana_iberica,-7.063236,40.138464
Rana_iberica,-8.705694,40.334473
Rana_iberica,-8.705302,40.424561
Rana_iberica,-8.587425,40.4242
Rana_iberica,-8.586319,40.60437
Rana_iberica,-8.47096,40.243547
Rana_iberica,-8.469551,40.42372
Rana_iberica,-8.468842,40.513804
Rana_iberica,-8.468129,40.603887
Rana_iberica,-8.353402,40.24295
Rana_iberica,-8.352543,40.333035
Rana_iberica,-8.35168,40.423119
Rana_iberica,-8.350813,40.513201
Rana_iberica,-8.349942,40.603282
Rana_iberica,-8.235848,40.242233
Rana_iberica,-8.234833,40.332316
Rana_iberica,-8.233813,40.422398
Rana_iberica,-8.232788,40.512478
Rana_iberica,-8.231759,40.602556
Rana_iberica,-8.118298,40.241397
Rana_iberica,-8.117127,40.331478
Rana_iberica,-8.11595,40.421556
Rana_iberica,-8.114768,40.511634
Rana_iberica,-8.113581,40.60171
Rana_iberica,-8.000754,40.240442
Rana_iberica,-7.999426,40.330519
Rana_iberica,-7.998093,40.420595
Rana_iberica,-7.996754,40.510669
Rana_iberica,-7.995408,40.600742
Rana_iberica,-7.883216,40.239367
Rana_iberica,-7.881732,40.329441
Rana_iberica,-7.880242,40.419514
Rana_iberica,-7.878745,40.509585
Rana_iberica,-7.877241,40.599654
Rana_iberica,-8.70128,41.325366
Rana_iberica,-8.582941,41.144847
Rana_iberica,-8.581795,41.324994
Rana_iberica,-8.581218,41.415066
Rana_iberica,-8.580638,41.505136
Rana_iberica,-8.463786,41.144354
Rana_iberica,-8.463051,41.234426
Rana_iberica,-8.462312,41.324498
Rana_iberica,-8.46157,41.414568
Rana_iberica,-8.460825,41.504636
Rana_iberica,-8.585204,40.784535
Rana_iberica,-8.584642,40.874615
Rana_iberica,-8.584078,40.964694
Rana_iberica,-8.583511,41.054771
Rana_iberica,-8.467414,40.693968
Rana_iberica,-8.466695,40.784048
Rana_iberica,-8.465973,40.874127
Rana_iberica,-8.465247,40.964204
Rana_iberica,-8.464518,41.054279
Rana_iberica,-8.344634,41.143737
Rana_iberica,-8.343736,41.233808
Rana_iberica,-8.342833,41.323878
Rana_iberica,-8.341015,41.504012
Rana_iberica,-8.225487,41.142998
Rana_iberica,-8.224425,41.233066
Rana_iberica,-8.223358,41.323133
Rana_iberica,-8.222286,41.413199
Rana_iberica,-8.221209,41.503263
Rana_iberica,-8.106344,41.142135
Rana_iberica,-8.105118,41.232201
Rana_iberica,-8.103887,41.322265
Rana_iberica,-8.102651,41.412328
Rana_iberica,-8.101408,41.50239
Rana_iberica,-7.987206,41.141149
Rana_iberica,-7.985818,41.231212
Rana_iberica,-7.984422,41.321273
Rana_iberica,-7.983021,41.411333
Rana_iberica,-7.981613,41.501391
Rana_iberica,-7.868075,41.14004
Rana_iberica,-7.866523,41.230099
Rana_iberica,-7.864964,41.320157
Rana_iberica,-7.863398,41.410213
Rana_iberica,-7.861824,41.500268
Rana_iberica,-8.349068,40.693361
Rana_iberica,-8.348189,40.78344
Rana_iberica,-8.347306,40.873516
Rana_iberica,-8.34642,40.963591
Rana_iberica,-8.345529,41.053665
Rana_iberica,-8.230726,40.692634
Rana_iberica,-8.229687,40.782709
Rana_iberica,-8.228644,40.872784
Rana_iberica,-8.227597,40.962856
Rana_iberica,-8.226544,41.052928
Rana_iberica,-8.112389,40.691784
Rana_iberica,-8.11119,40.781857
Rana_iberica,-8.109987,40.871929
Rana_iberica,-8.108778,40.961999
Rana_iberica,-8.107564,41.052068
Rana_iberica,-7.994057,40.690814
Rana_iberica,-7.992699,40.780884
Rana_iberica,-7.991335,40.870952
Rana_iberica,-7.989965,40.961019
Rana_iberica,-7.988589,41.051085
Rana_iberica,-7.875731,40.689722
Rana_iberica,-7.874214,40.779789
Rana_iberica,-7.872689,40.869854
Rana_iberica,-7.871158,40.959917
Rana_iberica,-7.86962,41.049979
Rana_iberica,-8.697929,42.045908
Rana_iberica,-8.577103,42.045526
Rana_iberica,-8.45628,42.045017
Rana_iberica,-8.819771,41.6859
Rana_iberica,-8.819519,41.775967
Rana_iberica,-8.819266,41.866034
Rana_iberica,-8.819012,41.956099
Rana_iberica,-8.700038,41.59558
Rana_iberica,-8.69962,41.685648
Rana_iberica,-8.6992,41.775715
Rana_iberica,-8.698778,41.865781
Rana_iberica,-8.698354,41.955845
Rana_iberica,-8.580055,41.595204
Rana_iberica,-8.57947,41.685272
Rana_iberica,-8.578882,41.775337
Rana_iberica,-8.578292,41.865402
Rana_iberica,-8.577699,41.955465
Rana_iberica,-8.460076,41.594703
Rana_iberica,-8.459323,41.684769
Rana_iberica,-8.458568,41.774833
Rana_iberica,-8.457808,41.864896
Rana_iberica,-8.457046,41.954957
Rana_iberica,-8.33546,42.044381
Rana_iberica,-8.334519,42.134438
Rana_iberica,-8.214645,42.043618
Rana_iberica,-8.213533,42.133672
Rana_iberica,-8.093835,42.042728
Rana_iberica,-8.340099,41.594077
Rana_iberica,-8.33918,41.684141
Rana_iberica,-8.338256,41.774203
Rana_iberica,-8.337329,41.864264
Rana_iberica,-8.336396,41.954323
Rana_iberica,-8.219041,41.683387
Rana_iberica,-8.217949,41.773447
Rana_iberica,-8.216853,41.863506
Rana_iberica,-8.215751,41.953563
Rana_iberica,-8.10016,41.59245
Rana_iberica,-8.098907,41.682508
Rana_iberica,-8.097647,41.772565
Rana_iberica,-8.096382,41.862621
Rana_iberica,-8.095111,41.952675
Rana_iberica,-7.980199,41.591448
Rana_iberica,-7.978778,41.681504
Rana_iberica,-7.977351,41.771558
Rana_iberica,-7.975917,41.86161
Rana_iberica,-7.860244,41.590321
Rana_iberica,-7.858656,41.680373
Rana_iberica,-7.857061,41.770424
Rana_iberica,-7.855459,41.860473
Rana_iberica,-7.853849,41.95052
Rana_iberica,-7.765684,40.238174
Rana_iberica,-7.764044,40.328244
Rana_iberica,-7.762398,40.418312
Rana_iberica,-7.760743,40.508379
Rana_iberica,-7.759081,40.598445
Rana_iberica,-7.64816,40.23686
Rana_iberica,-7.646364,40.326926
Rana_iberica,-7.644561,40.416991
Rana_iberica,-7.642749,40.507053
Rana_iberica,-7.640929,40.597115
Rana_iberica,-7.530643,40.235428
Rana_iberica,-7.528692,40.325489
Rana_iberica,-7.526732,40.415549
Rana_iberica,-7.524763,40.505607
Rana_iberica,-7.522785,40.595664
Rana_iberica,-7.411029,40.323932
Rana_iberica,-7.408912,40.413987
Rana_iberica,-7.406785,40.504041
Rana_iberica,-7.404649,40.594093
Rana_iberica,-7.295638,40.232205
Rana_iberica,-7.293375,40.322256
Rana_iberica,-7.288818,40.502354
Rana_iberica,-7.286524,40.5924
Rana_iberica,-7.17815,40.230415
Rana_iberica,-7.175731,40.32046
Rana_iberica,-7.173301,40.410504
Rana_iberica,-7.17086,40.500546
Rana_iberica,-7.060673,40.228505
Rana_iberica,-7.058098,40.318544
Rana_iberica,-7.055512,40.408582
Rana_iberica,-6.943208,40.226476
Rana_iberica,-6.940477,40.316509
Rana_iberica,-6.825755,40.224329
Rana_iberica,-6.822869,40.314355
Rana_iberica,-7.748951,41.138808
Rana_iberica,-7.747236,41.228863
Rana_iberica,-7.745513,41.318917
Rana_iberica,-7.743782,41.408969
Rana_iberica,-7.742043,41.49902
Rana_iberica,-7.629835,41.137452
Rana_iberica,-7.627956,41.227503
Rana_iberica,-7.626069,41.317553
Rana_iberica,-7.624174,41.407601
Rana_iberica,-7.622269,41.497648
Rana_iberica,-7.504574,41.406108
Rana_iberica,-7.502504,41.49615
Rana_iberica,-7.389424,41.224414
Rana_iberica,-7.384984,41.404492
Rana_iberica,-7.382749,41.494528
Rana_iberica,-7.267793,41.312718
Rana_iberica,-7.263004,41.492782
Rana_iberica,-7.757412,40.688509
Rana_iberica,-7.755735,40.778572
Rana_iberica,-7.754051,40.868633
Rana_iberica,-7.752358,40.958693
Rana_iberica,-7.750659,41.048751
Rana_iberica,-7.639101,40.687175
Rana_iberica,-7.637264,40.777233
Rana_iberica,-7.635419,40.86729
Rana_iberica,-7.633566,40.957346
Rana_iberica,-7.631705,41.0474
Rana_iberica,-7.520798,40.685719
Rana_iberica,-7.518802,40.775773
Rana_iberica,-7.516797,40.865826
Rana_iberica,-7.514783,40.955877
Rana_iberica,-7.512759,41.045926
Rana_iberica,-7.402504,40.684143
Rana_iberica,-7.400348,40.774192
Rana_iberica,-7.398183,40.864239
Rana_iberica,-7.396008,40.954285
Rana_iberica,-7.393823,41.044329
Rana_iberica,-7.281904,40.772489
Rana_iberica,-7.279579,40.862531
Rana_iberica,-7.277243,40.952571
Rana_iberica,-7.148389,41.310858
Rana_iberica,-7.026277,41.398896
Rana_iberica,-6.906732,41.396782
Rana_iberica,-6.903836,41.486795
Rana_iberica,-6.79328,41.214529
Rana_iberica,-6.784139,41.48455
Rana_iberica,-7.045049,40.768718
Rana_iberica,-7.740296,41.58907
Rana_iberica,-7.738541,41.679118
Rana_iberica,-7.736779,41.769164
Rana_iberica,-7.735008,41.859209
Rana_iberica,-7.733229,41.949252
Rana_iberica,-7.620356,41.587693
Rana_iberica,-7.618435,41.677736
Rana_iberica,-7.616504,41.767778
Rana_iberica,-7.614565,41.857819
Rana_iberica,-7.500425,41.586191
Rana_iberica,-7.498337,41.67623
Rana_iberica,-7.494131,41.856303
Rana_iberica,-7.380504,41.584564
Rana_iberica,-7.378248,41.674597
Rana_iberica,-7.375982,41.76463
Rana_iberica,-7.373706,41.85466
Rana_iberica,-7.260592,41.582812
Rana_iberica,-7.25817,41.67284
Rana_iberica,-7.255737,41.762867
Rana_iberica,-7.253292,41.852892
Rana_iberica,-7.127628,42.031031
Rana_iberica,-6.765479,42.024549
Rana_iberica,-7.140692,41.580935
Rana_iberica,-7.135502,41.760978
Rana_iberica,-7.13289,41.850997
Rana_iberica,-7.130265,41.941014
Rana_iberica,-7.020803,41.578933
Rana_iberica,-7.018048,41.668949
Rana_iberica,-7.015279,41.758963
Rana_iberica,-7.012499,41.848976
Rana_iberica,-7.009705,41.938987
Rana_iberica,-6.900927,41.576806
Rana_iberica,-6.898005,41.666815
Rana_iberica,-6.895069,41.756823
Rana_iberica,-6.89212,41.846829
Rana_iberica,-6.889158,41.936833
Rana_iberica,-6.781064,41.574554
Rana_iberica,-6.777976,41.664556
Rana_iberica,-6.774873,41.754557
Rana_iberica,-6.771756,41.844556
Rana_iberica,-6.768624,41.934553
Rana_iberica,-6.651405,41.842157
Rana_iberica,-6.648105,41.932146
Rana_iberica,-6.53796,41.659663
Rana_iberica,-6.53107,41.839632
Rana_iberica,-6.527601,41.929613
